<?xml version="1.0" encoding="UTF-8"?>
<metadata xml:lang="en"><Esri><CreaDate>20231213</CreaDate><CreaTime>22552600</CreaTime><ArcGISFormat>1.0</ArcGISFormat><SyncOnce>FALSE</SyncOnce><DataProperties><lineage><Process ToolSource="c:\program files\arcgis\pro\Resources\ArcToolbox\Toolboxes\Data Management Tools.tbx\UpdateSchema" Date="20231213" Time="225526">UpdateSchema "CIMDATA=&lt;CIMStandardDataConnection xsi:type='typens:CIMStandardDataConnection' xmlns:xsi='http://www.w3.org/2001/XMLSchema-instance' xmlns:xs='http://www.w3.org/2001/XMLSchema' xmlns:typens='http://www.esri.com/schemas/ArcGIS/2.8.0'&gt;&lt;WorkspaceConnectionString&gt;DATABASE=C:\Users\User\Downloads\geodata\Geographic Data Handling and Mapping&lt;/WorkspaceConnectionString&gt;&lt;WorkspaceFactory&gt;Shapefile&lt;/WorkspaceFactory&gt;&lt;Dataset&gt;points.shp&lt;/Dataset&gt;&lt;DatasetType&gt;esriDTFeatureClass&lt;/DatasetType&gt;&lt;/CIMStandardDataConnection&gt;" &lt;operationSequence&gt;&lt;workflow&gt;&lt;AddField&gt;&lt;field_name&gt;Magnitude&lt;/field_name&gt;&lt;field_type&gt;LONG&lt;/field_type&gt;&lt;field_is_nullable&gt;False&lt;/field_is_nullable&gt;&lt;field_is_required&gt;False&lt;/field_is_required&gt;&lt;/AddField&gt;&lt;/workflow&gt;&lt;/operationSequence&gt;</Process><Process ToolSource="c:\program files\arcgis\pro\Resources\ArcToolbox\toolboxes\Data Management Tools.tbx\CalculateField" Date="20231213" Time="225709">CalculateField points Magnitude random_number "Python 3" "#!/usr/bin/python3
import random

random_number = random.randint(1, 10)
print(random_number)
" Text NO_ENFORCE_DOMAINS</Process><Process ToolSource="c:\program files\arcgis\pro\Resources\ArcToolbox\toolboxes\Data Management Tools.tbx\CalculateField" Date="20231213" Time="230438">CalculateField points Magnitude 0 "Python 3" # Text NO_ENFORCE_DOMAINS</Process><Process ToolSource="c:\program files\arcgis\pro\Resources\ArcToolbox\toolboxes\Data Management Tools.tbx\CalculateField" Date="20231213" Time="230500">CalculateField points Magnitude !ID!%10 "Python 3" # Text NO_ENFORCE_DOMAINS</Process><Process ToolSource="c:\program files\arcgis\pro\Resources\ArcToolbox\toolboxes\Conversion Tools.tbx\FeatureClassToFeatureClass" Date="20231213" Time="230531">FeatureClassToFeatureClass points C:\Users\User\Desktop\tl_2022_us_county pointmag.shp # "Fuel_Type "Fuel Type" true true false 80 Text 0 0,First,#,points,Fuel Type,0,80;Station_Na "Station Na" true true false 80 Text 0 0,First,#,points,Station Na,0,80;Street_Add "Street Add" true true false 80 Text 0 0,First,#,points,Street Add,0,80;Intersecti "Intersecti" true true false 107 Text 0 0,First,#,points,Intersecti,0,107;City "City" true true false 80 Text 0 0,First,#,points,City,0,80;State "State" true true false 80 Text 0 0,First,#,points,State,0,80;ZIP "ZIP" true true false 18 Double 0 18,First,#,points,ZIP,-1,-1;Plus4 "Plus4" true true false 24 Double 15 23,First,#,points,Plus4,-1,-1;Station_Ph "Station Ph" true true false 80 Text 0 0,First,#,points,Station Ph,0,80;Status_Cod "Status Cod" true true false 80 Text 0 0,First,#,points,Status Cod,0,80;Expected_D "Expected D" true true false 24 Double 15 23,First,#,points,Expected D,-1,-1;Groups_Wit "Groups Wit" true true false 80 Text 0 0,First,#,points,Groups Wit,0,80;Access_Day "Access Day" true true false 159 Text 0 0,First,#,points,Access Day,0,159;Cards_Acce "Cards Acce" true true false 80 Text 0 0,First,#,points,Cards Acce,0,80;BD_Blends "BD Blends" true true false 80 Text 0 0,First,#,points,BD Blends,0,80;NG_Fill_Ty "NG Fill Ty" true true false 80 Text 0 0,First,#,points,NG Fill Ty,0,80;NG_PSI "NG PSI" true true false 24 Double 15 23,First,#,points,NG PSI,-1,-1;EV_Level1 "EV Level1" true true false 24 Double 15 23,First,#,points,EV Level1,-1,-1;EV_Level2 "EV Level2" true true false 24 Double 15 23,First,#,points,EV Level2,-1,-1;EV_DC_Fast "EV DC Fast" true true false 24 Double 15 23,First,#,points,EV DC Fast,-1,-1;EV_Other_I "EV Other I" true true false 24 Double 15 23,First,#,points,EV Other I,-1,-1;EV_Network "EV Network" true true false 80 Text 0 0,First,#,points,EV Network,0,80;EV_Netwo_1 "EV Netwo_1" true true false 80 Text 0 0,First,#,points,EV Netwo_1,0,80;Geocode_St "Geocode St" true true false 80 Text 0 0,First,#,points,Geocode St,0,80;Latitude "Latitude" true true false 24 Double 15 23,First,#,points,Latitude,-1,-1;Longitude "Longitude" true true false 24 Double 15 23,First,#,points,Longitude,-1,-1;Date_Last "Date Last" true true false 80 Text 0 0,First,#,points,Date Last,0,80;ID "ID" true true false 18 Double 0 18,First,#,points,ID,-1,-1;Updated_At "Updated At" true true false 80 Text 0 0,First,#,points,Updated At,0,80;Owner_Type "Owner Type" true true false 80 Text 0 0,First,#,points,Owner Type,0,80;Federal_Ag "Federal Ag" true true false 24 Double 15 23,First,#,points,Federal Ag,-1,-1;Federal__1 "Federal _1" true true false 24 Double 15 23,First,#,points,Federal _1,-1,-1;Open_Date "Open Date" true true false 80 Text 0 0,First,#,points,Open Date,0,80;Hydrogen_S "Hydrogen S" true true false 24 Double 15 23,First,#,points,Hydrogen S,-1,-1;NG_Vehicle "NG Vehicle" true true false 80 Text 0 0,First,#,points,NG Vehicle,0,80;LPG_Primar "LPG Primar" true true false 80 Text 0 0,First,#,points,LPG Primar,0,80;E85_Blende "E85 Blende" true true false 80 Text 0 0,First,#,points,E85 Blende,0,80;EV_Connect "EV Connect" true true false 80 Text 0 0,First,#,points,EV Connect,0,80;Country "Country" true true false 80 Text 0 0,First,#,points,Country,0,80;Intersec_1 "Intersec_1" true true false 24 Double 15 23,First,#,points,Intersec_1,-1,-1;Access_D_1 "Access D_1" true true false 24 Double 15 23,First,#,points,Access D_1,-1,-1;BD_Blend_1 "BD Blend_1" true true false 24 Double 15 23,First,#,points,BD Blend_1,-1,-1;Groups_W_1 "Groups W_1" true true false 80 Text 0 0,First,#,points,Groups W_1,0,80;Hydrogen_I "Hydrogen I" true true false 24 Double 15 23,First,#,points,Hydrogen I,-1,-1;Access_Cod "Access Cod" true true false 80 Text 0 0,First,#,points,Access Cod,0,80;Access_Det "Access Det" true true false 80 Text 0 0,First,#,points,Access Det,0,80;Federal__2 "Federal _2" true true false 24 Double 15 23,First,#,points,Federal _2,-1,-1;Facility_T "Facility T" true true false 80 Text 0 0,First,#,points,Facility T,0,80;CNG_Dispen "CNG Dispen" true true false 24 Double 15 23,First,#,points,CNG Dispen,-1,-1;CNG_On_Sit "CNG On-Sit" true true false 80 Text 0 0,First,#,points,CNG On-Sit,0,80;CNG_Total "CNG Total" true true false 24 Double 15 23,First,#,points,CNG Total,-1,-1;CNG_Storag "CNG Storag" true true false 24 Double 15 23,First,#,points,CNG Storag,-1,-1;LNG_On_Sit "LNG On-Sit" true true false 80 Text 0 0,First,#,points,LNG On-Sit,0,80;E85_Other "E85 Other" true true false 80 Text 0 0,First,#,points,E85 Other,0,80;EV_Pricing "EV Pricing" true true false 150 Text 0 0,First,#,points,EV Pricing,0,150;EV_Prici_1 "EV Prici_1" true true false 24 Double 15 23,First,#,points,EV Prici_1,-1,-1;LPG_Nozzle "LPG Nozzle" true true false 80 Text 0 0,First,#,points,LPG Nozzle,0,80;Hydrogen_P "Hydrogen P" true true false 24 Double 15 23,First,#,points,Hydrogen P,-1,-1;Hydrogen_1 "Hydrogen_1" true true false 24 Double 15 23,First,#,points,Hydrogen_1,-1,-1;CNG_Fill_T "CNG Fill T" true true false 80 Text 0 0,First,#,points,CNG Fill T,0,80;CNG_PSI "CNG PSI" true true false 24 Double 15 23,First,#,points,CNG PSI,-1,-1;CNG_Vehicl "CNG Vehicl" true true false 80 Text 0 0,First,#,points,CNG Vehicl,0,80;LNG_Vehicl "LNG Vehicl" true true false 80 Text 0 0,First,#,points,LNG Vehicl,0,80;EV_On_Site "EV On-Site" true true false 80 Text 0 0,First,#,points,EV On-Site,0,80;Restricted "Restricted" true true false 80 Text 0 0,First,#,points,Restricted,0,80;RD_Blends "RD Blends" true true false 24 Double 15 23,First,#,points,RD Blends,-1,-1;RD_Blend_1 "RD Blend_1" true true false 24 Double 15 23,First,#,points,RD Blend_1,-1,-1;RD_Blended "RD Blended" true true false 24 Double 15 23,First,#,points,RD Blended,-1,-1;RD_Maximum "RD Maximum" true true false 24 Double 15 23,First,#,points,RD Maximum,-1,-1;NPS_Unit_N "NPS Unit N" true true false 24 Double 15 23,First,#,points,NPS Unit N,-1,-1;CNG_Statio "CNG Statio" true true false 80 Text 0 0,First,#,points,CNG Statio,0,80;LNG_Statio "LNG Statio" true true false 80 Text 0 0,First,#,points,LNG Statio,0,80;Maximum_Ve "Maximum Ve" true true false 80 Text 0 0,First,#,points,Maximum Ve,0,80;EV_Workpla "EV Workpla" true true false 80 Text 0 0,First,#,points,EV Workpla,0,80;Magnitude "Magnitude" true true false 10 Long 0 10,First,#,points,Magnitude,-1,-1" #</Process></lineage><itemProps><itemName Sync="TRUE">pointmag</itemName><imsContentType Sync="TRUE">002</imsContentType><itemSize Sync="TRUE">0.000</itemSize><itemLocation><linkage Sync="TRUE">file://\\DESKTOP-EBJQRIV\C$\Users\User\Desktop\tl_2022_us_county\pointmag.shp</linkage><protocol Sync="TRUE">Local Area Network</protocol></itemLocation></itemProps><coordRef><type Sync="TRUE">Geographic</type><geogcsn Sync="TRUE">GCS_WGS_1984</geogcsn><csUnits Sync="TRUE">Angular Unit: Degree (0.017453)</csUnits><peXml Sync="TRUE">&lt;GeographicCoordinateSystem xsi:type='typens:GeographicCoordinateSystem' xmlns:xsi='http://www.w3.org/2001/XMLSchema-instance' xmlns:xs='http://www.w3.org/2001/XMLSchema' xmlns:typens='http://www.esri.com/schemas/ArcGIS/2.8.0'&gt;&lt;WKT&gt;GEOGCS[&amp;quot;GCS_WGS_1984&amp;quot;,DATUM[&amp;quot;D_WGS_1984&amp;quot;,SPHEROID[&amp;quot;WGS_1984&amp;quot;,6378137.0,298.257223563]],PRIMEM[&amp;quot;Greenwich&amp;quot;,0.0],UNIT[&amp;quot;Degree&amp;quot;,0.0174532925199433],AUTHORITY[&amp;quot;EPSG&amp;quot;,4326]]&lt;/WKT&gt;&lt;XOrigin&gt;-400&lt;/XOrigin&gt;&lt;YOrigin&gt;-400&lt;/YOrigin&gt;&lt;XYScale&gt;11258999068426.238&lt;/XYScale&gt;&lt;ZOrigin&gt;-100000&lt;/ZOrigin&gt;&lt;ZScale&gt;10000&lt;/ZScale&gt;&lt;MOrigin&gt;-100000&lt;/MOrigin&gt;&lt;MScale&gt;10000&lt;/MScale&gt;&lt;XYTolerance&gt;8.983152841195215e-09&lt;/XYTolerance&gt;&lt;ZTolerance&gt;0.001&lt;/ZTolerance&gt;&lt;MTolerance&gt;0.001&lt;/MTolerance&gt;&lt;HighPrecision&gt;true&lt;/HighPrecision&gt;&lt;LeftLongitude&gt;-180&lt;/LeftLongitude&gt;&lt;WKID&gt;4326&lt;/WKID&gt;&lt;LatestWKID&gt;4326&lt;/LatestWKID&gt;&lt;/GeographicCoordinateSystem&gt;</peXml></coordRef></DataProperties><SyncDate>20231213</SyncDate><SyncTime>23053100</SyncTime><ModDate>20231213</ModDate><ModTime>23053100</ModTime></Esri><dataIdInfo><envirDesc Sync="TRUE">Microsoft Windows 10 Version 10.0 (Build 19045) ; Esri ArcGIS 12.8.3.29751</envirDesc><dataLang><languageCode value="eng" Sync="TRUE"></languageCode><countryCode value="USA" Sync="TRUE"></countryCode></dataLang><idCitation><resTitle Sync="TRUE">pointmag</resTitle><presForm><PresFormCd value="005" Sync="TRUE"></PresFormCd></presForm></idCitation><spatRpType><SpatRepTypCd value="001" Sync="TRUE"></SpatRepTypCd></spatRpType></dataIdInfo><mdLang><languageCode value="eng" Sync="TRUE"></languageCode><countryCode value="USA" Sync="TRUE"></countryCode></mdLang><mdChar><CharSetCd value="004" Sync="TRUE"></CharSetCd></mdChar><distInfo><distFormat><formatName Sync="TRUE">Shapefile</formatName></distFormat><distTranOps><transSize Sync="TRUE">0.000</transSize></distTranOps></distInfo><mdHrLv><ScopeCd value="005" Sync="TRUE"></ScopeCd></mdHrLv><mdHrLvName Sync="TRUE">dataset</mdHrLvName><refSysInfo><RefSystem><refSysID><identCode code="4326" Sync="TRUE"></identCode><idCodeSpace Sync="TRUE">EPSG</idCodeSpace><idVersion Sync="TRUE">6.2(3.0.1)</idVersion></refSysID></RefSystem></refSysInfo><spatRepInfo><VectSpatRep><geometObjs Name="pointmag"><geoObjTyp><GeoObjTypCd value="004" Sync="TRUE"></GeoObjTypCd></geoObjTyp><geoObjCnt Sync="TRUE">0</geoObjCnt></geometObjs><topLvl><TopoLevCd value="001" Sync="TRUE"></TopoLevCd></topLvl></VectSpatRep></spatRepInfo><spdoinfo><ptvctinf><esriterm Name="pointmag"><efeatyp Sync="TRUE">Simple</efeatyp><efeageom code="1" Sync="TRUE"></efeageom><esritopo Sync="TRUE">FALSE</esritopo><efeacnt Sync="TRUE">0</efeacnt><spindex Sync="TRUE">FALSE</spindex><linrefer Sync="TRUE">FALSE</linrefer></esriterm></ptvctinf></spdoinfo><eainfo><detailed Name="pointmag"><enttyp><enttypl Sync="TRUE">pointmag</enttypl><enttypt Sync="TRUE">Feature Class</enttypt><enttypc Sync="TRUE">0</enttypc></enttyp><attr><attrlabl Sync="TRUE">FID</attrlabl><attalias Sync="TRUE">FID</attalias><attrtype Sync="TRUE">OID</attrtype><attwidth Sync="TRUE">4</attwidth><atprecis Sync="TRUE">0</atprecis><attscale Sync="TRUE">0</attscale><attrdef Sync="TRUE">Internal feature number.</attrdef><attrdefs Sync="TRUE">Esri</attrdefs><attrdomv><udom Sync="TRUE">Sequential unique whole numbers that are automatically generated.</udom></attrdomv></attr><attr><attrlabl Sync="TRUE">Shape</attrlabl><attalias Sync="TRUE">Shape</attalias><attrtype Sync="TRUE">Geometry</attrtype><attwidth Sync="TRUE">0</attwidth><atprecis Sync="TRUE">0</atprecis><attscale Sync="TRUE">0</attscale><attrdef Sync="TRUE">Feature geometry.</attrdef><attrdefs Sync="TRUE">Esri</attrdefs><attrdomv><udom Sync="TRUE">Coordinates defining the features.</udom></attrdomv></attr><attr><attrlabl Sync="TRUE">Fuel_Type</attrlabl><attalias Sync="TRUE">Fuel_Type</attalias><attrtype Sync="TRUE">String</attrtype><attwidth Sync="TRUE">80</attwidth><atprecis Sync="TRUE">0</atprecis><attscale Sync="TRUE">0</attscale></attr><attr><attrlabl Sync="TRUE">Station_Na</attrlabl><attalias Sync="TRUE">Station_Na</attalias><attrtype Sync="TRUE">String</attrtype><attwidth Sync="TRUE">80</attwidth><atprecis Sync="TRUE">0</atprecis><attscale Sync="TRUE">0</attscale></attr><attr><attrlabl Sync="TRUE">Street_Add</attrlabl><attalias Sync="TRUE">Street_Add</attalias><attrtype Sync="TRUE">String</attrtype><attwidth Sync="TRUE">80</attwidth><atprecis Sync="TRUE">0</atprecis><attscale Sync="TRUE">0</attscale></attr><attr><attrlabl Sync="TRUE">Intersecti</attrlabl><attalias Sync="TRUE">Intersecti</attalias><attrtype Sync="TRUE">String</attrtype><attwidth Sync="TRUE">107</attwidth><atprecis Sync="TRUE">0</atprecis><attscale Sync="TRUE">0</attscale></attr><attr><attrlabl Sync="TRUE">City</attrlabl><attalias Sync="TRUE">City</attalias><attrtype Sync="TRUE">String</attrtype><attwidth Sync="TRUE">80</attwidth><atprecis Sync="TRUE">0</atprecis><attscale Sync="TRUE">0</attscale></attr><attr><attrlabl Sync="TRUE">State</attrlabl><attalias Sync="TRUE">State</attalias><attrtype Sync="TRUE">String</attrtype><attwidth Sync="TRUE">80</attwidth><atprecis Sync="TRUE">0</atprecis><attscale Sync="TRUE">0</attscale></attr><attr><attrlabl Sync="TRUE">ZIP</attrlabl><attalias Sync="TRUE">ZIP</attalias><attrtype Sync="TRUE">Double</attrtype><attwidth Sync="TRUE">18</attwidth><atprecis Sync="TRUE">18</atprecis><attscale Sync="TRUE">0</attscale></attr><attr><attrlabl Sync="TRUE">Plus4</attrlabl><attalias Sync="TRUE">Plus4</attalias><attrtype Sync="TRUE">Double</attrtype><attwidth Sync="TRUE">19</attwidth><atprecis Sync="TRUE">18</atprecis><attscale Sync="TRUE">15</attscale></attr><attr><attrlabl Sync="TRUE">Station_Ph</attrlabl><attalias Sync="TRUE">Station_Ph</attalias><attrtype Sync="TRUE">String</attrtype><attwidth Sync="TRUE">80</attwidth><atprecis Sync="TRUE">0</atprecis><attscale Sync="TRUE">0</attscale></attr><attr><attrlabl Sync="TRUE">Status_Cod</attrlabl><attalias Sync="TRUE">Status_Cod</attalias><attrtype Sync="TRUE">String</attrtype><attwidth Sync="TRUE">80</attwidth><atprecis Sync="TRUE">0</atprecis><attscale Sync="TRUE">0</attscale></attr><attr><attrlabl Sync="TRUE">Expected_D</attrlabl><attalias Sync="TRUE">Expected_D</attalias><attrtype Sync="TRUE">Double</attrtype><attwidth Sync="TRUE">19</attwidth><atprecis Sync="TRUE">18</atprecis><attscale Sync="TRUE">15</attscale></attr><attr><attrlabl Sync="TRUE">Groups_Wit</attrlabl><attalias Sync="TRUE">Groups_Wit</attalias><attrtype Sync="TRUE">String</attrtype><attwidth Sync="TRUE">80</attwidth><atprecis Sync="TRUE">0</atprecis><attscale Sync="TRUE">0</attscale></attr><attr><attrlabl Sync="TRUE">Access_Day</attrlabl><attalias Sync="TRUE">Access_Day</attalias><attrtype Sync="TRUE">String</attrtype><attwidth Sync="TRUE">159</attwidth><atprecis Sync="TRUE">0</atprecis><attscale Sync="TRUE">0</attscale></attr><attr><attrlabl Sync="TRUE">Cards_Acce</attrlabl><attalias Sync="TRUE">Cards_Acce</attalias><attrtype Sync="TRUE">String</attrtype><attwidth Sync="TRUE">80</attwidth><atprecis Sync="TRUE">0</atprecis><attscale Sync="TRUE">0</attscale></attr><attr><attrlabl Sync="TRUE">BD_Blends</attrlabl><attalias Sync="TRUE">BD_Blends</attalias><attrtype Sync="TRUE">String</attrtype><attwidth Sync="TRUE">80</attwidth><atprecis Sync="TRUE">0</atprecis><attscale Sync="TRUE">0</attscale></attr><attr><attrlabl Sync="TRUE">NG_Fill_Ty</attrlabl><attalias Sync="TRUE">NG_Fill_Ty</attalias><attrtype Sync="TRUE">String</attrtype><attwidth Sync="TRUE">80</attwidth><atprecis Sync="TRUE">0</atprecis><attscale Sync="TRUE">0</attscale></attr><attr><attrlabl Sync="TRUE">NG_PSI</attrlabl><attalias Sync="TRUE">NG_PSI</attalias><attrtype Sync="TRUE">Double</attrtype><attwidth Sync="TRUE">19</attwidth><atprecis Sync="TRUE">18</atprecis><attscale Sync="TRUE">15</attscale></attr><attr><attrlabl Sync="TRUE">EV_Level1</attrlabl><attalias Sync="TRUE">EV_Level1</attalias><attrtype Sync="TRUE">Double</attrtype><attwidth Sync="TRUE">19</attwidth><atprecis Sync="TRUE">18</atprecis><attscale Sync="TRUE">15</attscale></attr><attr><attrlabl Sync="TRUE">EV_Level2</attrlabl><attalias Sync="TRUE">EV_Level2</attalias><attrtype Sync="TRUE">Double</attrtype><attwidth Sync="TRUE">19</attwidth><atprecis Sync="TRUE">18</atprecis><attscale Sync="TRUE">15</attscale></attr><attr><attrlabl Sync="TRUE">EV_DC_Fast</attrlabl><attalias Sync="TRUE">EV_DC_Fast</attalias><attrtype Sync="TRUE">Double</attrtype><attwidth Sync="TRUE">19</attwidth><atprecis Sync="TRUE">18</atprecis><attscale Sync="TRUE">15</attscale></attr><attr><attrlabl Sync="TRUE">EV_Other_I</attrlabl><attalias Sync="TRUE">EV_Other_I</attalias><attrtype Sync="TRUE">Double</attrtype><attwidth Sync="TRUE">19</attwidth><atprecis Sync="TRUE">18</atprecis><attscale Sync="TRUE">15</attscale></attr><attr><attrlabl Sync="TRUE">EV_Network</attrlabl><attalias Sync="TRUE">EV_Network</attalias><attrtype Sync="TRUE">String</attrtype><attwidth Sync="TRUE">80</attwidth><atprecis Sync="TRUE">0</atprecis><attscale Sync="TRUE">0</attscale></attr><attr><attrlabl Sync="TRUE">EV_Netwo_1</attrlabl><attalias Sync="TRUE">EV_Netwo_1</attalias><attrtype Sync="TRUE">String</attrtype><attwidth Sync="TRUE">80</attwidth><atprecis Sync="TRUE">0</atprecis><attscale Sync="TRUE">0</attscale></attr><attr><attrlabl Sync="TRUE">Geocode_St</attrlabl><attalias Sync="TRUE">Geocode_St</attalias><attrtype Sync="TRUE">String</attrtype><attwidth Sync="TRUE">80</attwidth><atprecis Sync="TRUE">0</atprecis><attscale Sync="TRUE">0</attscale></attr><attr><attrlabl Sync="TRUE">Latitude</attrlabl><attalias Sync="TRUE">Latitude</attalias><attrtype Sync="TRUE">Double</attrtype><attwidth Sync="TRUE">19</attwidth><atprecis Sync="TRUE">18</atprecis><attscale Sync="TRUE">15</attscale></attr><attr><attrlabl Sync="TRUE">Longitude</attrlabl><attalias Sync="TRUE">Longitude</attalias><attrtype Sync="TRUE">Double</attrtype><attwidth Sync="TRUE">19</attwidth><atprecis Sync="TRUE">18</atprecis><attscale Sync="TRUE">15</attscale></attr><attr><attrlabl Sync="TRUE">Date_Last</attrlabl><attalias Sync="TRUE">Date_Last</attalias><attrtype Sync="TRUE">String</attrtype><attwidth Sync="TRUE">80</attwidth><atprecis Sync="TRUE">0</atprecis><attscale Sync="TRUE">0</attscale></attr><attr><attrlabl Sync="TRUE">ID</attrlabl><attalias Sync="TRUE">ID</attalias><attrtype Sync="TRUE">Double</attrtype><attwidth Sync="TRUE">18</attwidth><atprecis Sync="TRUE">18</atprecis><attscale Sync="TRUE">0</attscale></attr><attr><attrlabl Sync="TRUE">Updated_At</attrlabl><attalias Sync="TRUE">Updated_At</attalias><attrtype Sync="TRUE">String</attrtype><attwidth Sync="TRUE">80</attwidth><atprecis Sync="TRUE">0</atprecis><attscale Sync="TRUE">0</attscale></attr><attr><attrlabl Sync="TRUE">Owner_Type</attrlabl><attalias Sync="TRUE">Owner_Type</attalias><attrtype Sync="TRUE">String</attrtype><attwidth Sync="TRUE">80</attwidth><atprecis Sync="TRUE">0</atprecis><attscale Sync="TRUE">0</attscale></attr><attr><attrlabl Sync="TRUE">Federal_Ag</attrlabl><attalias Sync="TRUE">Federal_Ag</attalias><attrtype Sync="TRUE">Double</attrtype><attwidth Sync="TRUE">19</attwidth><atprecis Sync="TRUE">18</atprecis><attscale Sync="TRUE">15</attscale></attr><attr><attrlabl Sync="TRUE">Federal__1</attrlabl><attalias Sync="TRUE">Federal__1</attalias><attrtype Sync="TRUE">Double</attrtype><attwidth Sync="TRUE">19</attwidth><atprecis Sync="TRUE">18</atprecis><attscale Sync="TRUE">15</attscale></attr><attr><attrlabl Sync="TRUE">Open_Date</attrlabl><attalias Sync="TRUE">Open_Date</attalias><attrtype Sync="TRUE">String</attrtype><attwidth Sync="TRUE">80</attwidth><atprecis Sync="TRUE">0</atprecis><attscale Sync="TRUE">0</attscale></attr><attr><attrlabl Sync="TRUE">Hydrogen_S</attrlabl><attalias Sync="TRUE">Hydrogen_S</attalias><attrtype Sync="TRUE">Double</attrtype><attwidth Sync="TRUE">19</attwidth><atprecis Sync="TRUE">18</atprecis><attscale Sync="TRUE">15</attscale></attr><attr><attrlabl Sync="TRUE">NG_Vehicle</attrlabl><attalias Sync="TRUE">NG_Vehicle</attalias><attrtype Sync="TRUE">String</attrtype><attwidth Sync="TRUE">80</attwidth><atprecis Sync="TRUE">0</atprecis><attscale Sync="TRUE">0</attscale></attr><attr><attrlabl Sync="TRUE">LPG_Primar</attrlabl><attalias Sync="TRUE">LPG_Primar</attalias><attrtype Sync="TRUE">String</attrtype><attwidth Sync="TRUE">80</attwidth><atprecis Sync="TRUE">0</atprecis><attscale Sync="TRUE">0</attscale></attr><attr><attrlabl Sync="TRUE">E85_Blende</attrlabl><attalias Sync="TRUE">E85_Blende</attalias><attrtype Sync="TRUE">String</attrtype><attwidth Sync="TRUE">80</attwidth><atprecis Sync="TRUE">0</atprecis><attscale Sync="TRUE">0</attscale></attr><attr><attrlabl Sync="TRUE">EV_Connect</attrlabl><attalias Sync="TRUE">EV_Connect</attalias><attrtype Sync="TRUE">String</attrtype><attwidth Sync="TRUE">80</attwidth><atprecis Sync="TRUE">0</atprecis><attscale Sync="TRUE">0</attscale></attr><attr><attrlabl Sync="TRUE">Country</attrlabl><attalias Sync="TRUE">Country</attalias><attrtype Sync="TRUE">String</attrtype><attwidth Sync="TRUE">80</attwidth><atprecis Sync="TRUE">0</atprecis><attscale Sync="TRUE">0</attscale></attr><attr><attrlabl Sync="TRUE">Intersec_1</attrlabl><attalias Sync="TRUE">Intersec_1</attalias><attrtype Sync="TRUE">Double</attrtype><attwidth Sync="TRUE">19</attwidth><atprecis Sync="TRUE">18</atprecis><attscale Sync="TRUE">15</attscale></attr><attr><attrlabl Sync="TRUE">Access_D_1</attrlabl><attalias Sync="TRUE">Access_D_1</attalias><attrtype Sync="TRUE">Double</attrtype><attwidth Sync="TRUE">19</attwidth><atprecis Sync="TRUE">18</atprecis><attscale Sync="TRUE">15</attscale></attr><attr><attrlabl Sync="TRUE">BD_Blend_1</attrlabl><attalias Sync="TRUE">BD_Blend_1</attalias><attrtype Sync="TRUE">Double</attrtype><attwidth Sync="TRUE">19</attwidth><atprecis Sync="TRUE">18</atprecis><attscale Sync="TRUE">15</attscale></attr><attr><attrlabl Sync="TRUE">Groups_W_1</attrlabl><attalias Sync="TRUE">Groups_W_1</attalias><attrtype Sync="TRUE">String</attrtype><attwidth Sync="TRUE">80</attwidth><atprecis Sync="TRUE">0</atprecis><attscale Sync="TRUE">0</attscale></attr><attr><attrlabl Sync="TRUE">Hydrogen_I</attrlabl><attalias Sync="TRUE">Hydrogen_I</attalias><attrtype Sync="TRUE">Double</attrtype><attwidth Sync="TRUE">19</attwidth><atprecis Sync="TRUE">18</atprecis><attscale Sync="TRUE">15</attscale></attr><attr><attrlabl Sync="TRUE">Access_Cod</attrlabl><attalias Sync="TRUE">Access_Cod</attalias><attrtype Sync="TRUE">String</attrtype><attwidth Sync="TRUE">80</attwidth><atprecis Sync="TRUE">0</atprecis><attscale Sync="TRUE">0</attscale></attr><attr><attrlabl Sync="TRUE">Access_Det</attrlabl><attalias Sync="TRUE">Access_Det</attalias><attrtype Sync="TRUE">String</attrtype><attwidth Sync="TRUE">80</attwidth><atprecis Sync="TRUE">0</atprecis><attscale Sync="TRUE">0</attscale></attr><attr><attrlabl Sync="TRUE">Federal__2</attrlabl><attalias Sync="TRUE">Federal__2</attalias><attrtype Sync="TRUE">Double</attrtype><attwidth Sync="TRUE">19</attwidth><atprecis Sync="TRUE">18</atprecis><attscale Sync="TRUE">15</attscale></attr><attr><attrlabl Sync="TRUE">Facility_T</attrlabl><attalias Sync="TRUE">Facility_T</attalias><attrtype Sync="TRUE">String</attrtype><attwidth Sync="TRUE">80</attwidth><atprecis Sync="TRUE">0</atprecis><attscale Sync="TRUE">0</attscale></attr><attr><attrlabl Sync="TRUE">CNG_Dispen</attrlabl><attalias Sync="TRUE">CNG_Dispen</attalias><attrtype Sync="TRUE">Double</attrtype><attwidth Sync="TRUE">19</attwidth><atprecis Sync="TRUE">18</atprecis><attscale Sync="TRUE">15</attscale></attr><attr><attrlabl Sync="TRUE">CNG_On_Sit</attrlabl><attalias Sync="TRUE">CNG_On_Sit</attalias><attrtype Sync="TRUE">String</attrtype><attwidth Sync="TRUE">80</attwidth><atprecis Sync="TRUE">0</atprecis><attscale Sync="TRUE">0</attscale></attr><attr><attrlabl Sync="TRUE">CNG_Total</attrlabl><attalias Sync="TRUE">CNG_Total</attalias><attrtype Sync="TRUE">Double</attrtype><attwidth Sync="TRUE">19</attwidth><atprecis Sync="TRUE">18</atprecis><attscale Sync="TRUE">15</attscale></attr><attr><attrlabl Sync="TRUE">CNG_Storag</attrlabl><attalias Sync="TRUE">CNG_Storag</attalias><attrtype Sync="TRUE">Double</attrtype><attwidth Sync="TRUE">19</attwidth><atprecis Sync="TRUE">18</atprecis><attscale Sync="TRUE">15</attscale></attr><attr><attrlabl Sync="TRUE">LNG_On_Sit</attrlabl><attalias Sync="TRUE">LNG_On_Sit</attalias><attrtype Sync="TRUE">String</attrtype><attwidth Sync="TRUE">80</attwidth><atprecis Sync="TRUE">0</atprecis><attscale Sync="TRUE">0</attscale></attr><attr><attrlabl Sync="TRUE">E85_Other</attrlabl><attalias Sync="TRUE">E85_Other</attalias><attrtype Sync="TRUE">String</attrtype><attwidth Sync="TRUE">80</attwidth><atprecis Sync="TRUE">0</atprecis><attscale Sync="TRUE">0</attscale></attr><attr><attrlabl Sync="TRUE">EV_Pricing</attrlabl><attalias Sync="TRUE">EV_Pricing</attalias><attrtype Sync="TRUE">String</attrtype><attwidth Sync="TRUE">150</attwidth><atprecis Sync="TRUE">0</atprecis><attscale Sync="TRUE">0</attscale></attr><attr><attrlabl Sync="TRUE">EV_Prici_1</attrlabl><attalias Sync="TRUE">EV_Prici_1</attalias><attrtype Sync="TRUE">Double</attrtype><attwidth Sync="TRUE">19</attwidth><atprecis Sync="TRUE">18</atprecis><attscale Sync="TRUE">15</attscale></attr><attr><attrlabl Sync="TRUE">LPG_Nozzle</attrlabl><attalias Sync="TRUE">LPG_Nozzle</attalias><attrtype Sync="TRUE">String</attrtype><attwidth Sync="TRUE">80</attwidth><atprecis Sync="TRUE">0</atprecis><attscale Sync="TRUE">0</attscale></attr><attr><attrlabl Sync="TRUE">Hydrogen_P</attrlabl><attalias Sync="TRUE">Hydrogen_P</attalias><attrtype Sync="TRUE">Double</attrtype><attwidth Sync="TRUE">19</attwidth><atprecis Sync="TRUE">18</atprecis><attscale Sync="TRUE">15</attscale></attr><attr><attrlabl Sync="TRUE">Hydrogen_1</attrlabl><attalias Sync="TRUE">Hydrogen_1</attalias><attrtype Sync="TRUE">Double</attrtype><attwidth Sync="TRUE">19</attwidth><atprecis Sync="TRUE">18</atprecis><attscale Sync="TRUE">15</attscale></attr><attr><attrlabl Sync="TRUE">CNG_Fill_T</attrlabl><attalias Sync="TRUE">CNG_Fill_T</attalias><attrtype Sync="TRUE">String</attrtype><attwidth Sync="TRUE">80</attwidth><atprecis Sync="TRUE">0</atprecis><attscale Sync="TRUE">0</attscale></attr><attr><attrlabl Sync="TRUE">CNG_PSI</attrlabl><attalias Sync="TRUE">CNG_PSI</attalias><attrtype Sync="TRUE">Double</attrtype><attwidth Sync="TRUE">19</attwidth><atprecis Sync="TRUE">18</atprecis><attscale Sync="TRUE">15</attscale></attr><attr><attrlabl Sync="TRUE">CNG_Vehicl</attrlabl><attalias Sync="TRUE">CNG_Vehicl</attalias><attrtype Sync="TRUE">String</attrtype><attwidth Sync="TRUE">80</attwidth><atprecis Sync="TRUE">0</atprecis><attscale Sync="TRUE">0</attscale></attr><attr><attrlabl Sync="TRUE">LNG_Vehicl</attrlabl><attalias Sync="TRUE">LNG_Vehicl</attalias><attrtype Sync="TRUE">String</attrtype><attwidth Sync="TRUE">80</attwidth><atprecis Sync="TRUE">0</atprecis><attscale Sync="TRUE">0</attscale></attr><attr><attrlabl Sync="TRUE">EV_On_Site</attrlabl><attalias Sync="TRUE">EV_On_Site</attalias><attrtype Sync="TRUE">String</attrtype><attwidth Sync="TRUE">80</attwidth><atprecis Sync="TRUE">0</atprecis><attscale Sync="TRUE">0</attscale></attr><attr><attrlabl Sync="TRUE">Restricted</attrlabl><attalias Sync="TRUE">Restricted</attalias><attrtype Sync="TRUE">String</attrtype><attwidth Sync="TRUE">80</attwidth><atprecis Sync="TRUE">0</atprecis><attscale Sync="TRUE">0</attscale></attr><attr><attrlabl Sync="TRUE">RD_Blends</attrlabl><attalias Sync="TRUE">RD_Blends</attalias><attrtype Sync="TRUE">Double</attrtype><attwidth Sync="TRUE">19</attwidth><atprecis Sync="TRUE">18</atprecis><attscale Sync="TRUE">15</attscale></attr><attr><attrlabl Sync="TRUE">RD_Blend_1</attrlabl><attalias Sync="TRUE">RD_Blend_1</attalias><attrtype Sync="TRUE">Double</attrtype><attwidth Sync="TRUE">19</attwidth><atprecis Sync="TRUE">18</atprecis><attscale Sync="TRUE">15</attscale></attr><attr><attrlabl Sync="TRUE">RD_Blended</attrlabl><attalias Sync="TRUE">RD_Blended</attalias><attrtype Sync="TRUE">Double</attrtype><attwidth Sync="TRUE">19</attwidth><atprecis Sync="TRUE">18</atprecis><attscale Sync="TRUE">15</attscale></attr><attr><attrlabl Sync="TRUE">RD_Maximum</attrlabl><attalias Sync="TRUE">RD_Maximum</attalias><attrtype Sync="TRUE">Double</attrtype><attwidth Sync="TRUE">19</attwidth><atprecis Sync="TRUE">18</atprecis><attscale Sync="TRUE">15</attscale></attr><attr><attrlabl Sync="TRUE">NPS_Unit_N</attrlabl><attalias Sync="TRUE">NPS_Unit_N</attalias><attrtype Sync="TRUE">Double</attrtype><attwidth Sync="TRUE">19</attwidth><atprecis Sync="TRUE">18</atprecis><attscale Sync="TRUE">15</attscale></attr><attr><attrlabl Sync="TRUE">CNG_Statio</attrlabl><attalias Sync="TRUE">CNG_Statio</attalias><attrtype Sync="TRUE">String</attrtype><attwidth Sync="TRUE">80</attwidth><atprecis Sync="TRUE">0</atprecis><attscale Sync="TRUE">0</attscale></attr><attr><attrlabl Sync="TRUE">LNG_Statio</attrlabl><attalias Sync="TRUE">LNG_Statio</attalias><attrtype Sync="TRUE">String</attrtype><attwidth Sync="TRUE">80</attwidth><atprecis Sync="TRUE">0</atprecis><attscale Sync="TRUE">0</attscale></attr><attr><attrlabl Sync="TRUE">Maximum_Ve</attrlabl><attalias Sync="TRUE">Maximum_Ve</attalias><attrtype Sync="TRUE">String</attrtype><attwidth Sync="TRUE">80</attwidth><atprecis Sync="TRUE">0</atprecis><attscale Sync="TRUE">0</attscale></attr><attr><attrlabl Sync="TRUE">EV_Workpla</attrlabl><attalias Sync="TRUE">EV_Workpla</attalias><attrtype Sync="TRUE">String</attrtype><attwidth Sync="TRUE">80</attwidth><atprecis Sync="TRUE">0</atprecis><attscale Sync="TRUE">0</attscale></attr><attr><attrlabl Sync="TRUE">Magnitude</attrlabl><attalias Sync="TRUE">Magnitude</attalias><attrtype Sync="TRUE">Integer</attrtype><attwidth Sync="TRUE">10</attwidth><atprecis Sync="TRUE">10</atprecis><attscale Sync="TRUE">0</attscale></attr></detailed></eainfo><mdDateSt Sync="TRUE">20231213</mdDateSt></metadata>
